orig_lang,count
 English,7377
 Japanese,712
" Spanish, Castilian",396
 Korean,388
 French,284
 Chinese,152
 Cantonese,145
 Italian,142
 German,93
 Russian,66
 Tagalog,43
 Portuguese,35
 Thai,34
 Norwegian,29
 Polish,26
 Hindi,26
 Danish,23
" Dutch, Flemish",22
 Turkish,22
 Swedish,22
 Indonesian,11
 Finnish,6
 Telugu,6
 Tamil,6
 Greek,6
 Malayalam,5
 Persian,5
 Ukrainian,4
 Vietnamese,4
 Arabic,4
 Icelandic,3
 No Language,3
" Catalan, Valencian",2
 Romanian,2
 Hungarian,2
 Bengali,2
 Latvian,2
 Malay,2
 Central Khmer,2
 Czech,2
 Kannada,2
 Macedonian,1
 Serbian,1
 Galician,1
 Marathi,1
 Oriya,1
" Bokmål, Norwegian, Norwegian Bokmål",1
 Basque,1
 Irish,1
 Gujarati,1
 Serbo-Croatian,1
 Latin,1
 Dzongkha,1
 Slovak,1
