names,date_x,score,genre,overview,crew,orig_title,status,orig_lang,budget_x,revenue,country
Fast X,05/19/2023 ,0.0,"Action, Crime, Thriller","Over many missions and against impossible odds, Dom Toretto and his family have outsmarted, out-nerved and outdriven every foe in their path. Now, they confront the most lethal opponent they've ever faced: A terrifying threat emerging from the shadows of the past who's fueled by blood revenge, and who is determined to shatter this family and destroy everything—and everyone—that Dom loves, forever.","Vin Diesel, Dominic Toretto, Michelle Rodriguez, Letty Ortiz, Tyrese Gibson, Roman Pearce, Ludacris, Tej Parker, Jason Momoa, Dante Reyes, Nathalie Emmanuel, Ramsey, Jordana Brewster, Mia Toretto, John Cena, Jakob Toretto, Jason Statham, Deckard Shaw",Fast X,Post Production, English,340000000.0,0.0,US
The Little Mermaid,05/26/2023 ,0.0,"Adventure, Family, Fantasy, Romance","The youngest of King Triton’s daughters, and the most defiant, Ariel longs to find out more about the world beyond the sea, and while visiting the surface, falls for the dashing Prince Eric. With mermaids forbidden to interact with humans, Ariel makes a deal with the evil sea witch, Ursula, which gives her a chance to experience life on land, but ultimately places her life – and her father’s crown – in jeopardy.","Halle Bailey, Ariel, Jonah Hauer-King, Prince Eric, Daveed Diggs, Sebastian (voice), Awkwafina, Scuttle (voice), Jacob Tremblay, Flounder (voice), Noma Dumezweni, Queen Selina, Javier Bardem, King Triton, Melissa McCarthy, Ursula, Art Malik, Sir Grimsby",The Little Mermaid,Post Production, English,205000000.0,178359863.0,US
Transformers: Rise of the Beasts,06/09/2023 ,0.0,"Action, Adventure, Science Fiction","A ‘90s globetrotting adventure that introduces the Maximals, Predacons, and Terrorcons to the existing battle on earth between Autobots and Decepticons.","Anthony Ramos, Noah, Dominique Fishback, Elena, Tobe Nwigwe, Reek, Peter Cullen, Optimus Prime (voice), Ron Perlman, Optimus Primal (voice), Michelle Yeoh, Airazor (voice), Pete Davidson, Mirage (voice), Peter Dinklage, Scourge (voice), Liza Koshy, Arcee (voice)",Transformers: Rise of the Beasts,Post Production, English,200000000.0,1240261.6,US
Spider-Man: Across the Spider-Verse,06/02/2023 ,0.0,"Animation, Action, Adventure, Science Fiction","After reuniting with Gwen Stacy, Miles Morales — Brooklyn's full-time, friendly neighborhood Spider-Man — is catapulted across the Multiverse, where he encounters a team of Spider-People charged with protecting its very existence. But when the heroes clash on how to handle a new threat, Miles finds himself pitted against the other Spiders and must redefine what it means to be a hero so he can save the people he loves most.","Shameik Moore, Miles Morales / Spider-Man (voice), Hailee Steinfeld, Gwen Stacy / Spider-Woman (voice), Jake Johnson, Peter B. Parker / Spider-Man (voice), Oscar Isaac, Miguel O'Hara / Spider-Man 2099 (voice), Issa Rae, Jessica Drew / Spider-Woman (voice), Daniel Kaluuya, Hobart 'Hobie' Brown / Spider-Punk (voice), Jason Schwartzman, The Spot (voice), Brian Tyree Henry, Jefferson Davis (voice), Luna Lauren Velez, Rio Morales (voice)",Spider-Man: Across the Spider-Verse,Post Production, English,264940000.0,175269998.8,US
Barbie,07/21/2023 ,0.0,Comedy,To live in Barbie Land is to be a perfect being in a perfect place. Unless you have a full-on existential crisis. Or you're a Ken.,"Margot Robbie, Barbie, Ryan Gosling, Ken, America Ferrera, , Will Ferrell, Mattel CEO, Ariana Greenblatt, , Helen Mirren, Narrator, Issa Rae, President Barbie, Alexandra Shipp, Celebrated Author Barbie, Emma Mackey, Nobel Prize Winning Physicist Barbie",Barbie,Post Production, English,175000000.0,178359863.0,US
Guardians of the Galaxy Volume 3,05/04/2023 ,0.0,"Science Fiction, Adventure, Comedy","Peter Quill, still reeling from the loss of Gamora, must rally his team around him to defend the universe along with protecting one of their own. A mission that, if not completed successfully, could quite possibly lead to the end of the Guardians as we know them.","Chris Pratt, Peter Quill / Star-Lord, Zoe Saldaña, Gamora, Dave Bautista, Drax the Destroyer, Karen Gillan, Nebula, Pom Klementieff, Mantis, Bradley Cooper, Rocket (voice), Vin Diesel, Groot (voice), Sean Gunn, Kraglin / On-Set Rocket, Chukwudi Iwuji, The High Evolutionary",Guardians of the Galaxy Volume 3,Post Production, English,250000000.0,1240261.6,AU
Extraction 2,06/16/2023 ,0.0,"Action, Thriller","After barely surviving his grievous wounds from his mission in Dhaka, Bangladesh, Tyler Rake is back, and his team is ready to take on their next mission. Tasked with extracting a family who is at the mercy of a Georgian gangster, Tyler infiltrates one of the world's deadliest prisons in order to save them. But when the extraction gets hot, and the gangster dies in the heat of battle, his equally ruthless brother tracks down Rake and his team to Sydney, in order to get revenge.","Chris Hemsworth, Tyler Rake, Rudhraksh Jaiswal, Ovi Mahajan, Golshifteh Farahani, Nik Khan, Adam Bessa, Yaz, Justin Howell, Gio, Olga Kurylenko, Mia, Tinatin Dalakishvili, Ketevan, Sinéad Phelps, Kutaisi Staff, Tornike Bziava, David",Extraction 2,Post Production, English,226000000.0,175269998.8,US
The Flash,06/16/2023 ,0.0,"Science Fiction, Action, Adventure","The Flash travels through time to prevent the murder of his mother, but unwittingly causes changes that result in the creation of a multiverse.","Ezra Miller, Barry Allen / The Flash, Sasha Calle, Kara Zor-El / Supergirl, Michael Shannon, General Zod, Ron Livingston, Henry Allen, Maribel Verdú, Nora Allen, Kiersey Clemons, Iris West, Antje Traue, Faora-Ul, Michael Keaton, Bruce Wayne / Batman, Ben Affleck, Bruce Wayne / Batman",The Flash,Post Production, English,200000000.0,1240261.6,US
The Nun 2,09/08/2023 ,0.0,"Horror, Mystery","1956, France. A priest is murdered, an evil is spreading, and Sister Irene once again comes face to face with the malevolent force of Valak, the demon nun.","Taissa Farmiga, Sister Irene, Bonnie Aarons, The Nun / Valak, Storm Reid, , Jonas Bloquet, Maurice Theriault, Anna Popplewell, Marcella, Katelyn Rose Downey, Sophie",The Nun 2,In Production, English,246000000.0,175269998.8,US
Knights of the Zodiac,04/28/2023 ,0.0,"Fantasy, Action, Adventure","When a headstrong street orphan, Seiya, in search of his abducted sister unwittingly taps into hidden powers, he discovers he might be the only person alive who can protect a reincarnated goddess, sent to watch over humanity. Can he let his past go and embrace his destiny to become a Knight of the Zodiac?","Mackenyu, Seiya, Famke Janssen, Guraad, Madison Iseman, Sienna, Diego Tinoco, Nero, Mark Dacascos, Mylock, Nick Stahl, Cassius, Sean Bean, Alman Kido, Godfrey Gao, , Caitlin M Hutson, Marin",Knights of the Zodiac,Post Production, English,264940000.0,175269998.8,JP
Ladybug & Cat Noir: The Movie,07/05/2023 ,0.0,"Animation, Fantasy, Action","A pair of Parisian high schoolers protect their city as vigilante heroes without revealing their identities to anyone, including each other.","Anouck Hautbois, Marinette Dupain-Cheng / Ladybug (voice), Benjamin Bollen, Adrien Agreste / Cat Noir (voice), Antoine Tomé, Gabriel Agreste / Hawk Moth (voice), Fanny Bloc, Alya Césaire (voice), Alexandre N'Guyen, Nino Lahiffe (voice), Marie Chevalot, Chloé Bourgeois / Nathalie Sancoeur (voice), Marie Nonnenmacher, Sabrina Raincomprix (voice), Martial Le Minoux, Tom Dupain (voice)"," Miraculous, le film",Post Production, French,86000000.0,1240261.6,FR
Black Clover: Sword of the Wizard King,06/16/2023 ,0.0,"Animation, Action, Fantasy","In a world in which magic is everything, Asta, a boy who was born with no magic, aims to become the “Wizard King,” to overcome adversity, prove his power, and keep his oath with his friends.","Gakuto Kajiwara, Asta (voice), Nobunaga Shimazaki, Yuno (voice), Junichi Suwabe, Yami Sukehiro (voice), Toshihiko Seki, Konrad Leto (voice), Marie Iitoyo, Milly Maxwell (voice), Hochu Otsuka, (voice), Miyuki Sawashiro, (voice)", ブラッククローバー 魔法帝の剣,In Production, Japanese,256940000.0,175269998.8,JP
Blue Beetle,08/18/2023 ,0.0,"Action, Science Fiction",Jaime Reyes acquires a mysterious scarab that binds to his spine and provides him with a powerful suit of blue alien armor.,"Xolo Mariduena, Jaime Reyes / Blue Beetle, Susan Sarandon, Victoria Kord, Bruna Marquezine, Penny, Damián Alcázar, Alberto Reyes, Belissa Escobedo, Milagros Reyes, George Lopez, Uncle Rudy Reyes, Harvey Guillén, , Adriana Barraza, Nana Reyes, Elpidia Carrillo, Rocio Reyes",Blue Beetle,In Production, English,70000000.0,1240261.6,US
Strays,06/09/2023 ,0.0,"Comedy, Adventure","When Reggie, a naïve, relentlessly optimistic Border Terrier, is abandoned on the mean city streets by his lowlife owner, Doug, Reggie is certain that his beloved owner would never leave him on purpose. But once Reggie falls in with a fast-talking, foul-mouthed Boston Terrier named Bug, a stray who loves his freedom and believes that owners are for suckers, Reggie finally realizes he was in a toxic relationship and begins to see Doug for the heartless sleazeball that he is. Determined to seek revenge, Reggie, Bug and Bug’s pals together hatch a plan and embark on an epic adventure to help Reggie find his way home … and make Doug pay by biting off the appendage he loves the most. (Hint: It’s not his foot).","Will Ferrell, Reggie (voice), Jamie Foxx, Bug (voice), Will Forte, Doug, Isla Fisher, Maggie (voice), Randall Park, Hunter (voice), Josh Gad, , Harvey Guillén, , Brett Gelman, , Rob Riggle, ",Strays,Post Production, English,223940000.0,175269998.8,US
Insidious: The Red Door,07/07/2023 ,0.0,"Horror, Thriller","Ten years after he first ventured into the Further, Josh Lambert heads east to drop his son Dalton off at an idyllic, ivy-covered university. However, Dalton's college dream becomes a nightmare when the repressed demons of his past suddenly resurface.","Patrick Wilson, Josh Lambert, Ty Simpkins, Dalton Lambert, Rose Byrne, Renai Lambert, Lin Shaye, Elise, Peter Dager, , Hiam Abbass, , Sinclair Daniel, ",Insidious: The Red Door,Post Production, English,244940000.0,175269998.8,US
Indiana Jones and the Dial of Destiny,06/30/2023 ,0.0,"Adventure, Action","Finding himself in a new era, approaching retirement, Indy wrestles with fitting into a world that seems to have outgrown him. But as the tentacles of an all-too-familiar evil return in the form of an old rival, Indy must don his hat and pick up his whip once more to make sure an ancient and powerful artifact doesn't fall into the wrong hands.","Harrison Ford, Indiana Jones, Phoebe Waller-Bridge, Helena Shaw, Mads Mikkelsen, Doctor Jürgen Voller, Antonio Banderas, Renaldo, John Rhys-Davies, Sallah, Toby Jones, Basil Shaw, Boyd Holbrook, Klaber, Shaunette Renée Wilson, Agent Mason, Thomas Kretschmann, Colonel Weber",Indiana Jones and the Dial of Destiny,Post Production, English,294700000.0,1240261.6,US
Elemental,06/16/2023 ,0.0,"Animation, Family, Romance, Comedy, Fantasy","In a city where fire, water, land, & air residents live together, a fiery young woman & a go-with-the-flow guy will discover something elemental: How much they have in common.","Leah Lewis, Ember Lumen (voice), Mamoudou Athie, Wade Ripple (voice), Ronnie del Carmen, Bernie Lumen (voice), Shila Ommi, Cinder Lumen (voice), Wendi McLendon-Covey, Gale (voice), Catherine O'Hara, Brook Ripple (voice), Mason Wertheimer, Clod (voice), Joe Pera, Fern (voice)",Elemental,In Production, English,203540000.0,178359863.0,US
"Ruby Gillman, Teenage Kraken",06/30/2023 ,0.0,"Animation, Family, Fantasy, Comedy","A shy teenager discovers that she's part of a legendary royal lineage of mythical sea krakens and that her destiny, in the depths of the oceans, is bigger than she ever dreamed.","Lana Condor, Ruby Gillman (voice), Toni Collette, (voice), Annie Murphy, Chelsea (voice), Sam Richardson, (voice), Liza Koshy, (voice), Will Forte, (voice), Colman Domingo, (voice), Jaboukie Young-White, (voice), Blue Chapman, (voice)","Ruby Gillman, Teenage Kraken",Post Production, English,264940000.0,175269998.8,US
No Hard Feelings,06/23/2023 ,0.0,"Comedy, Romance","On the brink of losing her childhood home, Maddie discovers an intriguing job listing: wealthy helicopter parents looking for someone to “date” their introverted 19-year-old son, Percy, before he leaves for college. To her surprise, Maddie soon discovers the awkward Percy is no sure thing.","Jennifer Lawrence, Maddie, Andrew Barth Feldman, Percy, Laura Benanti, Allison, Matthew Broderick, Laird, Ebon Moss-Bachrach, Gary, Hasan Minhaj, Doug, Kyle Mooney, Jody, Alysia Joy Powell, Fern, Natalie Morales, Sara",No Hard Feelings,Post Production, English,246000000.0,178359863.0,US
Beau Is Afraid,04/20/2023 ,0.0,"Comedy, Drama, Horror, Adventure",A paranoid man embarks on an epic odyssey to get home to his mother.,"Joaquin Phoenix, Beau Wassermann, Patti LuPone, Mona Wassermann, Amy Ryan, Grace, Nathan Lane, Roger, Kylie Rogers, Toni, Denis Ménochet, Jeeves, Parker Posey, Elaine Bray, Zoe Lister-Jones, Young Mona, Armen Nahapetian, Teen Beau",Beau Is Afraid,Post Production, English,35000000.0,144471992.0,AU
Guy Ritchie's The Covenant,04/21/2023 ,0.0,"Action, Drama, War","After an ambush, Afghan interpreter Ahmed goes to Herculean lengths to save US Army Sergeant John Kinley's life. When Kinley learns that Ahmed and his family were not given safe passage to America as promised, he must repay his debt by returning to the war zone to retrieve them before the Taliban hunts them down.","Jake Gyllenhaal, Sgt. John Kinley, Dar Salim, Ahmed, Antony Starr, , Alexander Ludwig, , Emily Beecham, , Jason Wong, , Bobby Schofield, , Sean Sagar, Charlie Crowther, Reza Diako, Haadee",Guy Ritchie's The Covenant,Post Production, English,55000000.0,1240261.6,US
Through My Window: Across the Sea,06/23/2023 ,0.0,"Romance, Drama",Sequel to 'Through My Window'.,"Clara Galle, Raquel, Julio Peña, Ares, Natalia Azahara, Daniela, Eric Masip, Artemis, Guillermo Lasheras, Yoshi, Hugo Arbues, Apolo, Pilar Castro, Rosa María, Rachel Lascar, Sofía Hidalgo, Emilia Lazo, Claudia", A través del mar,In Production," Spanish, Castilian",223940000.0,178359863.0,ES
Ghosted,04/20/2023 ,0.0,"Adventure, Action, Comedy, Romance","Salt-of-the-earth Cole falls head over heels for enigmatic Sadie — but then makes the shocking discovery that she’s a secret agent. Before they can decide on a second date, Cole and Sadie are swept away on an international adventure to save the world.","Ana de Armas, Sadie, Chris Evans, Cole Riggan, Adrien Brody, Leveque, Mike Moh, Wagner, Amy Sedaris, Mom, Tim Blake Nelson, Borislov, Tate Donovan, Dad, Lizze Broadway, Mattie, Marwan Kenzari, Marco",Ghosted,Post Production, English,213000000.0,175269998.8,US
The Black Demon,04/27/2023 ,0.0,"Horror, Thriller","Oilman Paul Sturges' idyllic family vacation turns into a nightmare when they encounter a ferocious megalodon shark that will stop at nothing to protect its territory. Stranded and under constant attack, Paul and his family must somehow find a way to get his family back to shore alive before it strikes again in this epic battle between humans and nature.","Josh Lucas, Paul Sturges, Fernanda Urrejola, Ines, Julio Cedillo, Chato, Venus Ariel, Audrey Sturges, Carlos Solórzano, Tommy, Jorge A. Jimenez, Junior, Raúl Méndez, El Rey, Héctor Jiménez, Chocolatito, Edgar Flores, ",The Black Demon,Post Production, English,244940000.0,175269998.8,AU
The Expendables 4,09/22/2023 ,0.0,"Action, Adventure, Thriller, War",The Expendables will square up against: an arms dealer who commands the might of a massive private army.,"Jason Statham, Lee Christmas, Dolph Lundgren, Gunner Jensen, 50 Cent, , Sylvester Stallone, Barney Ross, Megan Fox, , Randy Couture, Toll Road, Tony Jaa, Decha, Iko Uwais, , Levy Tran, ",The Expendables 4,Post Production, English,213940000.0,178359863.0,US
Meg 2: The Trench,08/04/2023 ,0.0,"Science Fiction, Action, Horror, Thriller",We don't have an overview translated in English. Help us expand our database by adding one.,"Jason Statham, Jonas Taylor, Shuya Sophia Cai, Meiying, Cliff Curtis, James 'Mac' Mackreides, Page Kennedy, DJ, Sienna Guillory, , Skyler Samuels, , Wu Jing, , Sergio Peris-Mencheta, Mencheta, Melissanthi Mahut, ",Meg 2: The Trench,Post Production, English,231940000.0,178359863.0,US
To Catch a Killer,04/21/2023 ,0.0,"Action, Crime, Thriller, Mystery",Baltimore. New Year's Eve. A talented but troubled police officer is recruited by the FBI's chief investigator to help profile and track down a mass murderer.,"Shailene Woodley, Eleanor Falco, Ben Mendelsohn, Geoffrey Lammark, Jovan Adepo, MacKenzie, Ralph Ineson, Dean Possey, Rosemary Dunsmore, Mrs. Possey, Jason Cavalier, Marquand, Mark Camacho, Chief Karl Jackson, Darcy Laurie, Ramsey Lang, Karine Dion, Mrs. Miller",To Catch a Killer,In Production, English,231940000.0,175269998.8,US
Detective Conan: Black Iron Submarine,04/14/2023 ,0.0,"Animation, Action, Crime, Mystery",The 26th movie entry in the “Detective Conan” franchise.,"Minami Takayama, Conan Edogawa (voice), Wakana Yamazaki, Ran Mouri (voice), Rikiya Koyama, Kogoro Mouri (voice), Megumi Hayashibara, Ai Haibara (voice), Shuichi Ikeda, Shuichi Akai (voice), Kazuhiko Inoue, Ninzaburo Shiratori (voice), Kenichi Ogata, Hiroshi Agasa (voice), Atsuko Yuya, Miwako Sato (voice), Yukimasa Kishino, Hyoe Kuroda (voice)", 名探偵コナン 黒鉄の魚影（サブマリン）,In Production, Japanese,231940000.0,175269998.8,JP
Charles Enterprises,05/05/2023 ,0.0,,We don't have an overview translated in English. Help us expand our database by adding one.,"Urvashi, , Balu Varghese, , Guru Somasundaram, , Kalaiyarasan, , Sujith Sankar, , Manikanda Rajan, , Bhanupriya, , Abhija Sivakala, , Mridula Madhav, ", ചാൾസ് എന്റർപ്രൈസസ്,In Production, Malayalam,264940000.0,178359863.0,IN
Teenage Mutant Ninja Turtles: Mutant Mayhem,08/04/2023 ,0.0,"Comedy, Animation, Family, Action, Adventure","After years of being sheltered from the human world, the Turtle brothers set out to win the hearts of New Yorkers and be accepted as normal teenagers through heroic acts. Their new friend April O'Neil helps them take on a notorious crime syndicate, but they soon get in over their heads when an army of mutants is unleashed upon them.","Nicolas Cantu, Leonardo (voice), Shamon Brown Jr., Michelangelo (voice), Micah Abbey, Donatello (voice), Brady Noon, Raphael (voice), Jackie Chan, Splinter (voice), Ayo Edebiri, April O'Neil (voice), Ice Cube, Superfly (voice), Seth Rogen, Bebop (voice), John Cena, Rocksteady (voice)",Teenage Mutant Ninja Turtles: Mutant Mayhem,In Production, English,211940000.0,178359863.0,US
Mission: Impossible - Dead Reckoning Part One,07/14/2023 ,0.0,"Action, Adventure, Thriller",The seventh installment of the Mission: Impossible franchise.,"Tom Cruise, Ethan Hunt, Rebecca Ferguson, Ilsa Faust, Simon Pegg, Benjamin 'Benji' Dunn, Ving Rhames, Luther Stickell, Hayley Atwell, Grace, Esai Morales, , Vanessa Kirby, The White Widow, Pom Klementieff, , Henry Czerny, Eugene Kittridge",Mission: Impossible - Dead Reckoning Part One,Post Production, English,290000000.0,1240261.6,US
Kandahar,05/25/2023 ,0.0,"Action, Thriller","Tom Harris is an undercover CIA operative working in the Middle East. When an intelligence leak dangerously exposes his classified mission and reveals his covert identity, Harris and his translator must fight their way out of the desert to an extraction point in Kandahar, Afghanistan, while eluding the elite special forces hunting them.","Gerard Butler, Tom Harris, Ali Fazal, , Navid Negahban, , Nina Toussaint-White, , Tom Rhys Harries, Oliver Altman, Olivia-Mai Barrett, Ida Harris, Bahador Foladi, Farzad Asadi, Vassilis Koukalani, Bashar, Hakeem Jomah, Rasoul",Kandahar,Post Production, English,226000000.0,175269998.8,RU
Asteroid City,06/16/2023 ,0.0,"Comedy, Romance, Science Fiction","Set in a fictional American desert town circa 1955, the itinerary of a Junior Stargazer/Space Cadet convention (organized to bring together students and parents from across the country for fellowship and scholarly competition) is spectacularly disrupted by world-changing events.","Jason Schwartzman, Augie Steenbeck, Scarlett Johansson, Midge Campbell, Tom Hanks, , Jake Ryan, Woodrow Steenbeck, Jeffrey Wright, General Grif Gibson, Tilda Swinton, , Bryan Cranston, , Edward Norton, , Adrien Brody, ",Asteroid City,Post Production, English,205000000.0,178359863.0,US
Peter Pan & Wendy,04/28/2023 ,0.0,"Adventure, Fantasy, Family","Wendy Darling, a young girl afraid to leave her childhood home behind, meets Peter Pan, a boy who refuses to grow up. Alongside her brothers and a tiny fairy, Tinker Bell, she travels with Peter to the magical world of Neverland. There, she encounters an evil pirate captain, Captain Hook, and embarks on a thrilling adventure that will change her life forever.","Alexander Molony, Peter Pan, Ever Anderson, Wendy Darling, Jude Law, Captain Hook, Yara Shahidi, Tinker Bell, Alyssa Wapanatâhk, Tiger Lily, Jim Gaffigan, Mr. Smee, Molly Parker, Mrs. Darling, Jacobi Jupe, Michael Darling, Joshua Blue Pickering, John Darling",Peter Pan & Wendy,Post Production, English,213000000.0,175269998.8,US
Oppenheimer,07/21/2023 ,0.0,"Drama, History",The story of J. Robert Oppenheimer’s role in the development of the atomic bomb during World War II.,"Cillian Murphy, J. Robert Oppenheimer, Emily Blunt, Katherine 'Kitty' Oppenheimer., Matt Damon, Gen. Leslie Groves Jr., Robert Downey Jr., Lewis Strauss, Florence Pugh, Jean Tatlock, Benny Safdie, Edward Teller, Michael Angarano, Robert Serber, Josh Hartnett, Ernest Lawrence, Rami Malek, ",Oppenheimer,Post Production, English,100000000.0,28329750.0,AU
Mighty Morphin Power Rangers: Once & Always,04/19/2023 ,0.0,"Action, Science Fiction, Fantasy, Family","After tragedy strikes, an unlikely young hero takes her rightful place among the Power Rangers to face off against the team's oldest archnemesis.","Walter Jones, Zack Taylor, David Yost, Billy Cranston, Steve Cardenas, Rocky DeSantos, Johnny Yong Bosch, Adam Park, Karan Ashley, Aisha Campbell, Catherine Sutherland, Katherine ""Kat"" Hillard, Charlie Kersh, Minh Kwan, Richard Steven Horvitz, Alpha (voice), Barbara Goodson, Rita Repulsa",Mighty Morphin Power Rangers: Once & Always,In Production, English,231940000.0,175269998.8,US
The Last Kingdom: Seven Kings Must Die,04/14/2023 ,0.0,"Action, Drama, War","In the wake of King Edward's death, Uhtred of Bebbanburg and his comrades adventure across a fractured kingdom in the hopes of uniting England at last.","Alexander Dreymon, Uhtred of Bebbanburg, Mark Rowley, Finan, Arnas Fedaravicius, Sihtric, Harry Gilby, Aethelstan, Rod Hallett, Constantin, Ross Anderson, Domnal, Tom Christian, Dunstan, Nicholas Wittman, Eamon, Zak Sutcliffe, Edmund",The Last Kingdom: Seven Kings Must Die,In Production, English,264940000.0,175269998.8,GB
Born To Fly,04/28/2023 ,0.0,"Drama, Action","A talented trainee pilot is given the opportunity to virtually test the latest fighter jet, which pushes him to his limits.","Wang Yibo, Lei, Yu, Hu Jun, Zhang, Ting, Zhou Dongyu, , Xu Kaicheng, , Bu Yu, , Yosh Yu, Deng, Fang, Yujia Zhai, , Wang Zichen, , Tian Zhuangzhuang, ", 长空之王,Post Production, Chinese,218000000.0,175269998.8,CN
Mafia Mamma,04/13/2023 ,0.0,"Crime, Comedy","A suburban American woman inherits her grandfather’s Mafia empire and, guided by the Firm’s trusted consigliere, defies everyone’s expectations, including her own, as the new head of the family business.","Toni Collette, Kristin, Monica Bellucci, Bianca, Rob Huebel, , Alfonso Perugini, , Yonv Joseph, , Giulio Maria Corso, ",Mafia Mamma,In Production, English,213000000.0,178359863.0,AU
The Equalizer 3,09/01/2023 ,0.0,"Action, Thriller, Crime",Third film in The Equalizer franchise.,"Denzel Washington, Robert McCall, Dakota Fanning, , Gaia Scodellaro, , David Denman, , Eugenio Mastrandrea, , Remo Girone, , Sonia Ammar, , Daniele Perrone, , Andrea Scarduzio, ",The Equalizer 3,In Production, English,205000000.0,175269998.8,US
Corona Papers,04/06/2023 ,0.0,,We don't have an overview translated in English. Help us expand our database by adding one.,"Shane Nigam, , Shine Tom Chacko, , Siddique, , Maniyanpilla Raju, , Gayathrie Shankar, , Lal Jr., , V. T. Vijilesh, , Hannah Reji Koshy, , Sandhya Shetty, ", കൊറോണ പേപ്പേഴ്സ്,Post Production, Malayalam,223940000.0,178359863.0,IN
Sweetwater,04/14/2023 ,0.0,"Drama, History","In the fall of 1950, Nat ""Sweetwater"" Clifton forever changed the game of basketball when he entered the NBA. The story of the first African American to land a contract to play in the NBA.","Everett Osborne, Nathaniel ""Sweetwater"" Clifton, Cary Elwes, Ned Irish, Jeremy Piven, Joe Lapchick, Eric Roberts, Judd, Jim Caviezel, , Richard Dreyfuss, Maurice Podoloff, Kevin Pollak, Abe Saperstein, Mike Starr, Eddie Gottlieb, Jim Meskimen, Miles Slocum",Sweetwater,Post Production, English,213000000.0,175269998.8,US
Jeepers Creepers Returns,05/26/2023 ,0.0,Horror,"An evil warlock summons the Creeper from the bounds of hell to slay on earth Every 23 years for 23 days, but he also needs to eat and refresh his flesh Or he will loose his immortality forever.","Rui Constantino, Mayor James, Miguel D. Dias, Hunter Savage, Alexander Sunflower, The Creeper, Yoshida Imatae, Warlock", Jeepers Creepers O Regresso,In Production, English,20000.0,1240261.6,PT
Killers of the Flower Moon,10/06/2023 ,0.0,"Crime, Drama, Thriller","When oil is discovered in 1920s Oklahoma under Osage Nation land, the Osage people are murdered one by one—until the FBI steps in to unravel the mystery.","Leonardo DiCaprio, Ernest Burkhart, Jesse Plemons, Tom White, Lily Gladstone, Mollie Burkhart, Robert De Niro, William Hale, Tantoo Cardinal, Lizzie Q. Kyle, Cara Jade Myers, Anna, JaNae Collins, Rita Smith, Jillian Dion, Minnie, William Belleau, Henry Roan",Killers of the Flower Moon,Post Production, English,200000000.0,1240261.6,US
Darker Shades of Summer,06/05/2023 ,0.0,"Thriller, Romance","At a swingers retreat, a couple will undergo the ultimate test in the tense erotic thriller.","Danielle Scott, Summer Brookes, May Kelly, Steph, Chrissie Wunna, DiDi, Stephen Staley, Dylan Brookes, Jack Ilco, Simon, Kelly Rian Sanson, Mya, Abbie Knight, Claire, Daniel Godfrey, Tom, Lucas Paternott, ",Darker Shades of Summer,In Production, English,241940000.0,178359863.0,GB
Nefarious,04/14/2023 ,0.0,"Horror, Thriller","On the day of his scheduled execution, a convicted serial killer gets a psychiatric evaluation during which he claims he is a demon, and further claims that before their time is over, the psychiatrist will commit three murders of his own.","Sean Patrick Flanery, Nefarious, Jordan Belfi, Dr. James Martin, Stelio Savante, Detective Russo, Tom Ohmer, Warden Moss, Cameron Arnett, Trustee Styles, Eric Hanson, Assistant Warden Anderson",Nefarious,Post Production, English,244940000.0,175269998.8,US
PAW Patrol: The Mighty Movie,09/29/2023 ,0.0,"Animation, Family, Comedy","A magical meteor crash lands in Adventure City, giving the PAW Patrol pups superpowers and transforming them into The Mighty Pups!","Taraji P. Henson, , Kristen Bell, , Christian Convery, , Mckenna Grace, , Lil Rel Howery, , James Marsden, , Finn Lee-Epp, Ryder (voice), Serena Williams, , Ricky Guillart, ",PAW Patrol: The Mighty Movie,In Production, English,203940000.0,178359863.0,US
